[
    {
        "menu":"카라멜라떼",
        "info":"달콤함, 크리미함, 고급스러움, 풍부함, 부드러움, 부드러운 단맛, 캐러멜 향, 풍부한 여운",
        "ingred":" '우유', '에스프레소', '카라멜 소스', '설탕', '생크림 (옵션)'"
    },
    {
        "menu":"코코넛 라떼",
        "info":"이국적, 고소함, 부드러움, 달콤함, 따뜻함, 이국적인 풍미, 달콤한 여운, 크리미한 질감",
        "ingred":" '우유', '코코넛 밀크', '에스프레소', '설탕', '코코넛 플레이크 (옵션)'"
    },
    {
        "menu":"오렌지 주스",
        "info":"상큼함, 과일향, 청량감, 자연스러움, 활기참, 신선함, 과즙의 풍부함, 건강감",
        "ingred":" '오렌지', '설탕 (옵션)', '얼음 (옵션)', '물 (옵션)'"
    },
    {
        "menu":"라임 에이드",
        "info":"상쾌함, 새콤함, 청량감, 개운함, 여름, 강렬한 시트러스, 청량한 산미, 경쾌한 기포, 깔끔한 마무리",
        "ingred":" '라임', '설탕', '탄산수', '얼음', '민트 잎 (옵션)'"
    },
    {
        "menu":"딸기 우유",
        "info":"달콤함, 부드러움, 사랑스러움, 어린 시절, 포근함, 사랑스러운 핑크빛, 부드러운 달콤함, 과일의 자연미",
        "ingred":" '우유', '딸기', '설탕', '얼음 (옵션)', '바닐라 익스트랙 (옵션)'"
    },
    {
        "menu":"복숭아 요거",
        "info":"달콤함, 과일향, 건강함, 새콤달콤, 부드러움, 달콤한 과일향, 부드러운 요거트, 상큼함, 자연스러운 감미",
        "ingred":" '복숭아', '플레인 요거트', '꿀', '우유', '얼음 (옵션)', '민트 잎 (옵션)'"
    },
    {
        "menu":"토피넛 라떼",
        "info":"달콤함, 고소함, 크리미함, 부드러움, 풍미, 달콤한 견과류 풍미, 고급스러움, 따뜻한 여운, 부드러운 단맛",
        "ingred":" '우유', '에스프레소', '토피넛 시럽', '휘핑크림 (옵션)', '다진 견과류 (옵션)'"
    },
    {
        "menu":"플레인 요거",
        "info":"건강함, 부드러움, 깔끔함, 새콤달콤, 담백함, 깔끔한 맛, 건강감, 자연스러움, 가벼운 단맛",
        "ingred":" '플레인 요거트', '우유', '꿀 (옵션)', '얼음 (옵션)', '바닐라 익스트랙 (옵션)'"
    },
    {
        "menu":"딸기 요거",
        "info":"달콤함, 상큼함, 과일향, 건강함, 부드러움, 사랑스러운 과일향, 새콤달콤, 부드러운 질감, 건강한 단맛, 활기참",
        "ingred":" '딸기', '플레인 요거트', '우유', '꿀', '얼음 (옵션)', '민트 잎 (옵션)'"
    },
    {
        "menu":"블루베리 요거",
        "info":"건강함, 새콤달콤, 과일향, 부드러움, 상쾌함, 과일의 자연미, 건강한 즐거움",
        "ingred":" '블루베리', '플레인 요거트', '우유', '꿀', '얼음 (옵션)', '민트 잎 (옵션)'"
    },
    {
        "menu":"민트초코 프라페",
        "info":"상쾌함, 달콤함, 크리미함, 청량감, 신선함, 상쾌한 민트, 진한 초콜릿, 시원한 질감, 경쾌함, 풍부한 크리미함",
        "ingred":" '우유', '민트 초코 시럽', '초콜릿 칩', '얼음', '휘핑크림 (옵션)', '민트 잎 (옵션)'"
    },
    {
        "menu":"쿠앤크 프라페",
        "info":"달콤함, 바삭함, 크리미함, 고소함, 중독성, 바삭한 쿠키 조각, 부드러운 크림, 재미있는 텍스처, 만족감",
        "ingred":" '우유', '바닐라 아이스크림', '오레오 쿠키', '얼음', '휘핑크림 (옵션)'"
    },
    {
        "menu":"말차 프라페",
        "info":"쌉쌀함, 고소함, 시원함, 전통적, 자연스러움, 쌉쌀한 풍미, 부드러운 텍스처, 고급스러움, 자연스러운 맛, 전통적 매력",
        "ingred":" '우유', '녹차 가루', '바닐라 아이스크림', '얼음', '휘핑크림 (옵션)', '설탕 (옵션)'"
    },
    {
        "menu":"초코 프라페",
        "info":"진한 맛, 달콤함, 크리미함, 만족감, 풍미, 진한 초콜릿 맛, 풍부한 크림감, 달콤한 여운, 고급스러움, 만족스러움",
        "ingred":" '우유', '초콜릿 시럽', '초콜릿 칩', '바닐라 아이스크림', '얼음', '휘핑크림 (옵션)'"
    },
    {
        "menu":"바닐라 프라페",
        "info":"부드러움, 달콤함, 크리미함, 깔끔함, 고급스러움, 부드러운 바닐라 향, 크리미한 텍스처, 달콤한 풍미, 온화함",
        "ingred":" '우유', '바닐라 아이스크림', '바닐라 시럽', '얼음', '휘핑크림 (옵션)'"
    },
    {
        "menu":"키위 주스",
        "info":"상큼함, 건강함, 새콤달콤, 신선함, 청량감, 상큼한 산미, 과일의 자연미, 활기참, 가벼운 단맛",
        "ingred":" '키위', '설탕 (옵션)', '물', '얼음 (옵션)'"
    },
    {
        "menu":"과일 주스",
        "info":"자연스러움, 건강함, 달콤함, 신선함, 활기참, 과즙의 풍부함, 상쾌함, 활력",
        "ingred":" '선택한 과일', '설탕 (옵션)', '물', '얼음 (옵션)'"
    },
    {
        "menu":"망고 주스",
        "info":"이국적, 달콤함, 과일향, 풍부함, 상쾌함, 열대 과일의 달콤함, 부드러운 질감, 신선함, 자연스러운 여운",
        "ingred":" '망고', '설탕 (옵션)', '물', '얼음 (옵션)'"
    },
    {
        "menu":"블루베리 에이드",
        "info":"새콤달콤, 상쾌함, 과일향, 청량감, 여름, 과일향의 풍부함, 톡쏘는 청량감, 경쾌함, 밝은 에너지",
        "ingred":" '블루베리', '탄산수', '설탕 시럽', '얼음', '민트 잎 (옵션)'"
    },
    {
        "menu":"청귤차",
        "info":"상큼함, 건강함, 전통적, 개운함, 자연스러움, 산뜻한 감귤 향, 따뜻함, 자연스러운 달콤함, 전통적 편안함, 건강감",
        "ingred":" '청귤청', '물', '얼음 (옵션)'"
    },
    {
        "menu":"딸기 프라페",
        "info":"달콤함, 사랑스러움, 크리미함, 과일향, 봄, 달콤한 과일향, 부드러운 텍스처, 새콤달콤, 경쾌한 마무리",
        "ingred":" '딸기', '우유', '바닐라 아이스크림', '설탕', '얼음', '휘핑크림 (옵션)'"
    },
    {
        "menu":"미숫가루 라떼",
        "info":"고소함, 건강함, 담백함, 전통적, 포근함, 전통적인 풍미, 부드러운 크림감, 건강감, 따뜻한 여운",
        "ingred":" '우유', '미숫가루', '설탕 (옵션)', '얼음 (옵션)', '꿀 (옵션)'"
    },
    {
        "menu":"매실차",
        "info":"새콤함, 건강함, 전통적, 상쾌함, 자연스러움, 새콤달콤, 전통적 풍미, 편안함, 은은한 여운",
        "ingred":" '매실청', '물', '얼음 (옵션)'"
    },
    {
        "menu":"모카 라떼",
        "info":"달콤함, 초콜릿, 진한 커피향, 부드러움, 만족감, 진한 초콜릿, 풍부한 크림감, 고급스러움, 달콤한 끝맛, 따뜻한 풍미",
        "ingred":" '우유', '에스프레소', '초콜릿 시럽', '휘핑크림 (옵션)', '초콜릿 가루 (옵션)'"
    },
    {
        "menu":"밤 라떼",
        "info":"고소함, 달콤함, 따뜻함, 포근함, 깊은 맛, 고소한 밤 향, 부드러운 텍스처, 자연스러운 달콤함",
        "ingred":" '우유', '에스프레소', '밤 시럽', '휘핑크림 (옵션)', '시나몬 가루 (옵션)'"
    },
    {
        "menu":"피스타치오 라떼",
        "info":"고소함, 크리미함, 고급스러움, 풍미, 독특함, 독특한 견과 향, 부드러움, 고급스러운 풍미",
        "ingred":" '우유', '에스프레소', '피스타치오 시럽', '휘핑크림 (옵션)', '피스타치오 분태 (옵션)'"
    },
    {
        "menu":"유자 에이드",
        "info":"상큼함, 청량감, 과일향, 산뜻함, 리프레시, 상큼한 감귤 향, 청량한 탄산, 자연스러운 단맛, 활기참, 산뜻한 마무리",
        "ingred":" '유자청', '탄산수', '얼음', '민트 잎 (옵션)'"
    },
    {
        "menu":"애플 티",
        "info":"따뜻함, 상큼함, 과일향, 건강함, 여유, 상큼한 사과 향, 은은한 달콤함, 가벼운 산미, 편안한 마무리",
        "ingred":" '사과', '홍차', '설탕', '물', '레몬 (옵션)', '시나몬 스틱 (옵션)'"
    },
    {
        "menu":"그릭 요거",
        "info":"건강함, 고소함, 담백함, 크리미함, 부드러움, 진한 크리미함, 자연스러운 단맛, 건강한 풍미, 풍부한 텍스처",
        "ingred":" '그릭 요거트', '꿀', '얼음 (옵션)', '과일 (옵션)'"
    },
    {
        "menu":"녹차 라떼",
        "info":"쌉쌀함, 고소함, 부드러움, 전통적, 자연스러움, 쌉쌀한 녹차, 부드러운 우유, 전통적인 깊이, 깔끔한 여운",
        "ingred":" '우유', '녹차 가루', '설탕', '에스프레소'"
    },
    {
        "menu":"드립커피",
        "info":"깊은 맛, 클래식, 깔끔함, 진한 커피향, 전통적, 풍부한 아로마, 진한 풍미, 고급스러움, 자연스러운 끝맛",
        "ingred":" '커피 원두', '물', '커피 필터'"
    },
    {
        "menu":"초콜렛 모카",
        "info":"진한 초콜릿, 풍부함, 달콤함, 따뜻함, 만족감, 달콤한 초콜릿, 진한 크림, 고급스러운 풍미, 풍부한 텍스처, 따뜻한 마무리",
        "ingred":" '우유', '에스프레소', '초콜릿 시럽', '휘핑크림 (옵션)', '초콜릿 가루 (옵션)'"
    },
    {
        "menu":"바닐라 에스프레소",
        "info":"부드러움, 진한 맛, 깔끔함, 고급스러움, 달콤함, 진한 커피 향, 은은한 단맛, 부드러운 여운",
        "ingred":" '에스프레소', '바닐라 시럽', '우유', '휘핑크림 (옵션)'"
    },
    {
        "menu":"밀크 쉐이크",
        "info":"부드러움, 달콤함, 크리미함, 포근함, 어린 시절, 부드러운 단맛, 매끄러운 질감, 달콤한 만족감",
        "ingred":" '우유', '바닐라 아이스크림', '설탕', '얼음'"
    },
    {
        "menu":"쿠앤크 쉐이크",
        "info":"바삭함, 달콤함, 크리미함, 고소함, 중독성, 바삭한 쿠키 텍스처, 진한 크림감, 재미있는 맛, 풍성한 조화",
        "ingred":" '우유', '바닐라 아이스크림', '오레오 쿠키', '설탕', '얼음'"
    },
    {
        "menu":"망고 스무디",
        "info":"이국적, 달콤함, 과일향, 시원함, 상쾌함, 열대과일의 상큼함, 부드러움, 자연스러운 달콤함, 활기참, 신선한 질감",
        "ingred":" '망고', '우유', '바닐라 아이스크림', '설탕', '얼음'"
    },
    {
        "menu":"망고 에이드",
        "info":"상쾌함, 달콤함, 과일향, 청량감, 여름, 달콤한 과일향, 청량한 탄산, 이국적 감성, 생기발랄함, 시원함",
        "ingred":" '망고', '탄산수', '설탕', '얼음'"
    },
    {
        "menu":"한라봉 에이드",
        "info":"상큼함, 과일향, 청량감, 달콤함, 제주감성, 상큼한 감귤향, 제주 감성, 부드러운 단맛, 활력",
        "ingred":" '한라봉', '탄산수', '설탕', '얼음'"
    },
    {
        "menu":"한라봉 티",
        "info":"따뜻함, 상큼함, 과일향, 건강함, 편안함, 따뜻한 감귤 향, 자연스러운 단맛, 은은한 산미, 제주스러움",
        "ingred":" '한라봉', '홍차', '설탕', '물', '레몬 (옵션)'"
    },
    {
        "menu":"쑥 라떼",
        "info":"고소함, 건강함, 전통적, 자연스러움, 독특함, 전통적 풍미, 부드러운 텍스처, 건강한 여운, 독특한 맛",
        "ingred":" '우유', '쑥 가루', '설탕', '에스프레소'"
    },
    {
        "menu":"자몽 주스",
        "info":"새콤함, 상큼함, 과일향, 청량감, 활기참, 신선한 과즙, 상큼한 산미, 새콤달콤, 기분 좋은 쌉쌀함",
        "ingred":" '자몽', '설탕 (옵션)', '물', '얼음'"
    },
    {
        "menu":"청귤 에이드",
        "info":"상쾌함, 청량감, 상큼함, 여름, 과일향, 산뜻한 감귤 향, 청량한 탄산, 새콤달콤, 발랄함, 여름의 생기",
        "ingred":" '청귤청', '탄산수', '얼음', '민트 잎 (옵션)'"
    },
    {
        "menu":"대추차",
        "info":"따뜻함, 건강함, 전통적, 달콤함, 자연스러움, 은은한 단맛, 따뜻한 향, 전통적 풍미, 포근한 마무리",
        "ingred":" '대추', '생강', '설탕', '물'"
    },
    {
        "menu":"애플 주스",
        "info":"상큼함, 과일향, 건강함, 자연스러움, 활기참, 달콤한 과일향, 자연스러운 상큼함, 신선함, 부드러운 끝맛",
        "ingred":" '사과', '설탕 (옵션)', '물', '얼음'"
    },
    {
        "menu":"피넛 버터 모카",
        "info":"고소함, 달콤함, 초콜릿, 풍미, 독특함, 고소한 견과류 풍미, 달콤한 초콜릿, 풍부한 크리미함, 독특한 조화, 따뜻함",
        "ingred":" '우유', '에스프레소', '초콜릿 시럽', '피넛 버터', '휘핑크림 (옵션)', '초콜릿 가루 (옵션)'"
    },
    {
        "menu":"크림 아인슈페너",
        "info":"크리미함, 진한 맛, 달콤함, 고급스러움, 특별함, 진한 커피 향, 풍성한 크림, 부드러운 끝맛, 고급스러운 질감",
        "ingred":" '에스프레소', '우유', '휘핑크림', '설탕', '바닐라 시럽'"
    },
    {
        "menu":"녹차 프라페",
        "info":"쌉쌀함, 크리미함, 고소함, 전통적, 시원함, 쌉쌀한 풍미, 시원한 텍스처, 전통적 깊이, 부드러운 조화, 크리미한 여운",
        "ingred":" '우유', '녹차 가루', '바닐라 아이스크림', '설탕', '얼음'"
    },
    {
        "menu":"샤인머스켓 스무디",
        "info":"이국적, 청량감, 과일향, 고급스러움, 달콤함, 고급스러운 과일향, 달콤한 여운, 부드러운 텍스처, 신선한 질감",
        "ingred":" '샤인머스켓', '우유', '바닐라 아이스크림', '설탕', '얼음'"
    },
    {
        "menu":"매실 소다",
        "info":"새콤달콤, 청량감, 상쾌함, 전통적, 산뜻함, 전통적 상쾌함, 발랄함, 청량한 탄산, 자연스러운 맛",
        "ingred":" '매실청', '탄산수', '얼음', '레몬 (옵션)'"
    },
    {
        "menu":"복숭아 라떼",
        "info":"달콤함, 과일향, 부드러움, 여름, 사랑스러움, 달콤한 과일향, 부드러운 우유, 자연스러운 단맛, 고급스러움",
        "ingred":" '우유', '에스프레소', '복숭아 시럽', '휘핑크림 (옵션)'"
    },
    {
        "menu":"베리 에이드",
        "info":"새콤달콤, 발랄함, 과일향, 상쾌함, 활기참, 상큼한 베리 향, 청량한 기포, 생기발랄, 경쾌함",
        "ingred":" '블루베리', '라즈베리', '탄산수', '설탕', '얼음', '민트 잎 (옵션)'"
    },
    {
        "menu":"라임 아이스티",
        "info":"상큼함, 청량감, 과일향, 시원함, 여름, 새콤한 시트러스, 상쾌함, 청량한 끝맛, 자연스러운 달콤함, 여름의 감각",
        "ingred":" '홍차', '라임', '설탕', '물', '얼음'"
    },
    {
        "menu":"말차 쉐이크",
        "info":"쌉쌀함, 크리미함, 고소함, 독특함, 전통적, 쌉쌀한 녹차, 크리미한 질감, 전통적 풍미, 고소한 여운, 만족스러운 조화",
        "ingred":" '우유', '녹차 가루', '바닐라 아이스크림', '설탕', '얼음'"
    },
    {
        "menu":"딸기 쉐이크",
        "info":"달콤함, 사랑스러움, 크리미함, 과일향, 포근함, 사랑스러운 과일향, 부드러운 텍스처, 상큼한 끝맛, 활기참",
        "ingred":" '딸기', '우유', '바닐라 아이스크림', '설탕', '얼음'"
    },
    {
        "menu":"쇼콜라 쉐이크",
        "info":"진한 초콜릿, 달콤함, 크리미함, 만족감, 풍미, 풍부한 크림감, 달콤한 만족감, 부드러움, 디저트 감성",
        "ingred":" '우유', '초콜릿 시럽', '초콜릿 아이스크림', '설탕', '얼음'"
    },
    {
        "menu":"라임 모히또",
        "info":"상쾌함, 새콤함, 청량감, 이국적, 여름, 상쾌한 시트러스, 이국적 감성, 경쾌한 탄산, 새콤달콤",
        "ingred":" '라임', '민트 잎', '설탕', '탄산수', '얼음'"
    },
    {
        "menu":"말차",
        "info":"쌉쌀함, 고소함, 전통적, 자연스러움, 깊은 맛, 전통적 풍미, 자연스러운 깊이, 깔끔한 여운",
        "ingred":" '말차 가루', '우유', '설탕', '물', '바닐라 시럽 (옵션)'"
    },
    {
        "menu":"에스프레소 라떼",
        "info":"진한 커피맛, 부드러움, 고급스러움, 풍미, 클래식, 진한 커피 맛, 부드러운 우유, 균형감, 풍부한 여운",
        "ingred":" '에스프레소', '우유', '설탕 (옵션)', '바닐라 시럽 (옵션)'"
    },
    {
        "menu":"돌체 라떼",
        "info":"달콤함, 부드러움, 크리미함, 고급스러움, 만족감, 달콤한 농도, 깊은 풍미, 부드러운 마무리, 고급 디저트 느낌",
        "ingred":" '에스프레소', '우유', '돌체 시럽', '휘핑크림 (옵션)', '카라멜 시럽 (옵션)'"
    },
    {
        "menu":"화이트 카페모카",
        "info":"달콤함, 크리미함, 초콜릿, 풍부함, 따뜻함, 은은한 화이트 초콜릿, 부드러운 크림, 달콤한 만족감, 풍성한 질감, 세련됨",
        "ingred":" '에스프레소', '우유', '화이트 초콜릿 시럽', '휘핑크림 (옵션)', '화이트 초콜릿 가루 (옵션)'"
    },
    {
        "menu":"돌체 콜드브루",
        "info":"진한 맛, 달콤함, 부드러움, 크리미함, 고급스러움, 깊고 진한 맛, 크리미한 단맛, 시원한 질감, 부드러운 여운, 특별한 조화",
        "ingred":" '콜드브루 커피', '돌체 시럽', '우유', '얼음', '휘핑크림 (옵션)'"
    },
    {
        "menu":"바닐라 라떼 콜드브루",
        "info":"부드러움, 달콤함, 크리미함, 시원함, 고급스러움, 부드러운 바닐라 향, 깔끔한 커피, 청량감, 자연스러운 단맛, 균형 잡힌 맛",
        "ingred":" '콜드브루 커피', '우유', '바닐라 시럽', '얼음', '휘핑크림 (옵션)'"
    },
    {
        "menu":"오트 콜드브루",
        "info":"고소함, 건강함, 깔끔함, 부드러움, 고급스러움, 고소한 귀리 향, 깔끔한 커피, 부드러운 끝맛, 현대적 감성",
        "ingred":" '콜드브루 커피', '오트밀크', '얼음', '오트 시럽 (옵션)'"
    },
    {
        "menu":"바닐라 마끼야또",
        "info":"달콤함, 크리미함, 고급스러움, 부드러움, 중독성, 달콤한 바닐라, 부드러운 크림, 진한 에스프레소, 조화로운 단맛, 풍부함",
        "ingred":" '에스프레소', '우유', '바닐라 시럽', '얼음'"
    },
    {
        "menu":"디카페인 아메리카노",
        "info":"깔끔함, 가벼움, 건강함, 진한 커피맛, 편안함, 가벼운 커피 풍미, 깔끔한 마무리, 온화함, 부담 없는 선택, 은은한 아로마",
        "ingred":" '디카페인 커피 원두', '물', '얼음'"
    },
    {
        "menu":"디카페인 카라멜 마끼야또",
        "info":"달콤함, 크리미함, 건강함, 부드러움, 만족감, 부드러운 캐러멜, 크리미한 텍스처, 가벼운 풍미, 달콤한 여운, 편안함",
        "ingred":" '디카페인 커피 원두', '우유', '카라멜 시럽', '얼음'"
    },
    {
        "menu":"디카페인 에스프레소",
        "info":"진한 맛, 건강함, 깔끔함, 클래식, 편안함, 진한 아로마, 온화한 풍미, 균형 잡힌 맛, 가벼운 여운, 부담 없는 고급스러움",
        "ingred":" '디카페인 커피 원두', '물'"
    },
    {
        "menu":"민트 티",
        "info":"청량감, 허브향, 상쾌함, 신선함, 리프레시, 상쾌한 허브 향, 편안한 끝맛, 자연스러운 허브 조화, 기분 좋은 리프레시",
        "ingred":" '민트 티백', '물', '설탕 (옵션)'"
    },
    {
        "menu":"라임 티",
        "info":"상큼함, 청량감, 과일향, 깔끔함, 여름, 새콤한 시트러스, 부드러운 허브 감미, 청량함, 경쾌한 산미, 자연스러운 조화",
        "ingred":" '라임', '티백 (블랙 티 또는 그린 티)', '물', '설탕 (옵션)'"
    },
    {
        "menu":"말차 크림 프라푸치노",
        "info":"쌉쌀함, 크리미함, 고소함, 고급스러움, 풍미, 쌉쌀한 말차, 부드러운 크림, 전통적인 깊이, 크리미한 풍미, 세련된 달콤함",
        "ingred":" '말차 가루', '우유', '바닐라 아이스크림', '설탕', '얼음', '휘핑크림'"
    },
    {
        "menu":"카라멜 프라푸치노",
        "info":"달콤함, 크리미함, 고급스러움, 중독성, 풍부함, 풍부한 캐러멜 향, 크리미한 텍스처, 고급스러운 풍미, 만족스러운 여운",
        "ingred":" '카라멜 시럽', '우유', '바닐라 아이스크림', '설탕', '얼음', '휘핑크림'"
    },
    {
        "menu":"바나나 블렌디드",
        "info":"달콤함, 부드러움, 포근함, 자연스러움, 건강함, 자연스러운 달콤함, 부드러운 질감, 어린 시절, 만족스러운 한 모금",
        "ingred":" '바나나', '우유', '바닐라 아이스크림', '설탕', '얼음'"
    },
    {
        "menu":"딸기 주스",
        "info":"달콤함, 상큼함, 과일향, 여름, 사랑스러움, 새콤달콤, 과일의 신선함, 활기참, 자연스러운 단맛",
        "ingred":" '딸기', '설탕', '물', '레몬즙'"
    },
    {
        "menu":"케일 주스",
        "info":"건강함, 신선함, 쌉쌀함, 깔끔함, 자연스러움, 풀향의 부드러움, 자연의 맛, 상쾌한 텍스처",
        "ingred":" '케일', '사과', '레몬즙', '물', '설탕'"
    },
    {
        "menu":"한라봉 주스",
        "info":"상큼함, 과일향, 청량감, 달콤함, 제주감성, 상큼한 감귤향, 제주 감성, 달콤한 끝맛, 자연스러운 과즙",
        "ingred":" '한라봉', '설탕', '물', '레몬즙'"
    },
    {
        "menu":"피스타치오 쉐이크",
        "info":"고소함, 크리미함, 고급스러움, 독특함, 풍부함, 고소한 견과 풍미, 부드러운 질감, 크리미한 달콤함, 세련된 조화",
        "ingred":" '피스타치오 가루', '우유', '바닐라 아이스크림', '설탕', '얼음'"
    },
    {
        "menu":"바닐라 소다",
        "info":"달콤함, 청량감, 크리미함, 시원함, 어린 시절, 부드러운 바닐라 향, 톡쏘는 탄산, 경쾌함, 청량한 단맛, 가벼운 즐거움",
        "ingred":" '바닐라 시럽', '탄산수', '얼음', '레몬즙'"
    },
    {
        "menu":"복숭아 밀크티",
        "info":"달콤함, 과일향, 부드러움, 크리미함, 사랑스러움, 달콤한 과일향, 부드러운 크리미함, 사랑스러운 조화, 따뜻함, 은은한 끝맛",
        "ingred":" '복숭아 시럽', '블랙티', '우유', '설탕', '얼음'"
    },
    {
        "menu":"자몽 아이스티",
        "info":"상큼함, 과일향, 청량감, 여름, 깔끔함, 새콤한 과일향, 자연스러운 단맛, 기분 좋은 쌉쌀함, 상쾌한 마무리",
        "ingred":" '자몽 시럽', '홍차', '물', '얼음', '레몬'"
    },
    {
        "menu":"민트초코 라떼",
        "info":"달콤함, 청량감, 부드러움, 크리미함, 초콜릿, 상쾌한 민트, 달콤한 초콜릿, 부드러운 크리미함, 신선한 조화, 특별한 풍미",
        "ingred":" '에스프레소', '우유', '민트 시럽', '초콜릿 시럽', '설탕'"
    },
    {
        "menu":"복숭아 아이스 티 샷추가",
        "info":"달콤함, 상큼함, 과일향, 깔끔함, 여름, 달콤한 과일향, 깊은 커피 향, 새콤달콤한 조화, 청량감, 여름의 상쾌함",
        "ingred":" '복숭아 시럽', '홍차', '얼음', '레몬', '에스프레소 샷'"
    },
    {
        "menu":"민트 초코 모카",
        "info":"달콤함, 초콜릿, 청량감, 크리미함, 고급스러움, 강렬한 민트, 진한 초콜릿, 부드러운 크림, 신선한 조화, 풍부한 달콤함",
        "ingred":" '에스프레소', '우유', '초콜릿 시럽', '민트 시럽', '휘핑크림', '설탕'"
    },
    {
        "menu":"레몬 아이스티",
        "info":"상큼함, 청량감, 과일향, 개운함, 여름, 새콤한 시트러스, 상쾌한 끝맛, 자연스러운 단맛, 여름의 활력",
        "ingred":" '홍차', '레몬', '설탕', '얼음', '물'"
    },
    {
        "menu":"흑임자 라떼",
        "info":"고소함, 전통적, 부드러움, 깊은 맛, 고급스러움, 고소한 참깨, 부드러운 크리미함, 전통적 풍미, 은은한 단맛, 건강한 만족감",
        "ingred":" '흑임자 가루', '우유', '에스프레소', '설탕', '바닐라 시럽'"
    },
    {
        "menu":"흑당 라떼",
        "info":"달콤함, 고소함, 크리미함, 만족감, 중독성, 깊고 진한 단맛, 크리미한 질감, 고급스러운 텍스처, 풍부한 풍미, 특별함",
        "ingred":" '흑당 시럽', '우유', '에스프레소'"
    },
    {
        "menu":"민트 쇼콜라",
        "info":"청량감, 초콜릿, 달콤함, 고급스러움, 만족감, 청량한 민트, 달콤한 초콜릿, 부드러운 텍스처, 상쾌한 끝맛, 신선함",
        "ingred":" '민트 시럽', '초콜릿 시럽', '우유', '에스프레소'"
    },
    {
        "menu":"오트밀 라떼",
        "info":"고소함, 건강함, 부드러움, 크리미함, 포근함, 고소한 귀리 향, 부드러운 우유, 자연스러운 단맛, 편안한 텍스처",
        "ingred":" '오트밀 음료', '에스프레소', '우유'"
    },
    {
        "menu":"연유 콜드브루",
        "info":"달콤함, 부드러움, 크리미함, 진한 맛, 고급스러움, 농축된 달콤함, 깊은 커피 풍미, 부드러운 텍스처, 시원함, 균형 잡힌 조화",
        "ingred":" '콜드브루 커피', '연유', '우유'"
    },
    {
        "menu":"흑당 콜드브루",
        "info":"달콤함, 고소함, 중독성, 진한 맛, 크리미함, 깊은 달콤함, 진한 커피 맛, 부드러운 크리미함, 고급스러운 풍미, 시원한 조화",
        "ingred":" '콜드브루 커피', '흑당 시럽', '우유'"
    },
    {
        "menu":"콜드브루 라떼",
        "info":"진한 맛, 부드러움, 깔끔함, 고급스러움, 시원함, 부드러운 우유, 진한 커피 향, 시원한 질감, 깔끔한 단맛, 균형 잡힌 맛",
        "ingred":" '콜드브루 커피', '우유', '시럽'"
    },
    {
        "menu":"딸기 플랫치노",
        "info":"달콤함, 사랑스러움, 과일향, 크리미함, 시원함, 사랑스러운 과일향, 새콤달콤, 부드러운 텍스처, 시원한 질감, 발랄한 느낌",
        "ingred":" '딸기 시럽', '우유', '얼음', '휘핑크림'"
    },
    {
        "menu":"망고 플랫치노",
        "info":"이국적, 달콤함, 과일향, 청량감, 크리미함, 열대 과일의 달콤함, 상쾌함, 크리미한 질감, 신선한 맛, 활기찬 조화",
        "ingred":" '망고 시럽', '우유', '얼음', '휘핑크림'"
    },
    {
        "menu":"복숭아 플랫치노",
        "info":"달콤함, 과일향, 부드러움, 상쾌함, 크리미함, 달콤한 과일향, 부드러운 크리미함, 시원함, 여름의 감성, 자연스러운 조화",
        "ingred":" '복숭아 시럽', '우유', '얼음', '휘핑크림'"
    },
    {
        "menu":"요거트 플랫치노",
        "info":"건강함, 상큼함, 부드러움, 새콤달콤, 크리미함, 상큼한 요거트, 부드러운 텍스처, 새콤달콤한 풍미, 활기참",
        "ingred":" '그릭 요거트', '우유', '얼음', '휘핑크림', '꿀'"
    },
    {
        "menu":"모과차",
        "info":"따뜻함, 건강함, 전통적, 달콤함, 자연스러움, 달콤한 과일 향, 전통적 풍미, 부드러운 여운",
        "ingred":" '모과', '설탕', '물', '레몬'"
    },
    {
        "menu":"쌍화차",
        "info":"전통적, 따뜻함, 건강함, 깊은 맛, 고요함, 깊고 진한 맛, 전통적 치유감, 고소한 허브 풍미, 포근함",
        "ingred":" '쌍화차', '물', '꿀', '생강'"
    },
    {
        "menu":"생강차",
        "info":"따뜻함, 건강함, 스파이시, 전통적, 위안, 따뜻한 생강 향, 건강감, 매콤한 풍미, 편안함, 자연스러운 달콤함",
        "ingred":" '생강', '물', '꿀'"
    },
    {
        "menu":"콤부차",
        "info":"건강함, 상큼함, 발효, 청량감, 이국적, 톡쏘는 발효 감미, 건강한 신선함, 상쾌한 끝맛, 자연스러운 균형, 활력감",
        "ingred":" '콤부차', '얼음', '레몬 슬라이스', '꿀'"
    },
    {
        "menu":"베리 주스",
        "info":"새콤달콤, 과일향, 상쾌함, 활기참, 건강함, 과일의 풍부함, 자연스러운 맛, 발랄함",
        "ingred":" '베리 믹스', '물', '꿀', '얼음'"
    },
    {
        "menu":"애플망고 주스",
        "info":"이국적, 달콤함, 과일향, 풍부함, 상쾌함, 달콤한 과즙, 열대 과일의 신선함, 부드러운 질감, 자연스러운 여운",
        "ingred":" '애플망고', '물', '설탕', '얼음'"
    },
    {
        "menu":"당근 주스",
        "info":"건강함, 자연스러움, 깔끔함, 신선함, 담백함, 신선한 채소 감미, 자연스러운 단맛, 건강감, 부드러운 텍스처, 활기찬 느낌",
        "ingred":" '당근', '물', '설탕', '얼음'"
    },
    {
        "menu":"감귤 주스",
        "info":"상큼함, 달콤함, 과일향, 제주감성, 청량감, 상큼한 감귤향, 자연스러운 단맛, 활기찬 맛, 신선한 여운",
        "ingred":" '감귤', '물', '설탕', '얼음'"
    },
    {
        "menu":"애플 블렌디드",
        "info":"상큼함, 과일향, 부드러움, 달콤함, 여유, 달콤한 사과 향, 부드러운 질감, 자연스러운 신선함, 상쾌함, 균형 잡힌 맛",
        "ingred":" '사과', '우유', '얼음', '설탕'"
    },
    {
        "menu":"레몬 블렌디드",
        "info":"상큼함, 청량감, 새콤달콤, 시원함, 리프레시, 새콤한 시트러스, 청량한 산미, 상쾌함, 자연스러운 단맛, 시원한 질감",
        "ingred":" '레몬', '설탕', '얼음', '우유'"
    },
    {
        "menu":"우롱차",
        "info":"전통적, 깊은 맛, 깔끔함, 자연스러움, 따뜻함, 은은한 허브향, 깊고 부드러운 풍미, 전통적 고급스러움, 깔끔한 마무리",
        "ingred":" '우롱차 티백', '물'"
    },
    {
        "menu":"복숭아 티",
        "info":"달콤함, 과일향, 부드러움, 따뜻함, 여름, 달콤한 과일향, 은은한 부드러움, 자연스러운 감미, 조화로운 풍미",
        "ingred":" '복숭아 시럽', '홍차 티백', '물', '얼음'"
    },
    {
        "menu":"망고 블렌디드",
        "info":"달콤함, 과일향, 크리미함, 이국적, 상쾌함, 열대 과일의 풍부함, 부드러운 텍스처, 자연스러운 달콤함, 활기참",
        "ingred":" '망고', '우유', '얼음', '설탕'"
    },
    {
        "menu":"수박 주스",
        "info":"시원함, 달콤함, 과일향, 여름, 상쾌함, 시원한 과일 향, 청량감, 자연스러운 단맛, 여름 감성, 신선한 텍스처",
        "ingred":" '수박', '설탕', '레몬즙', '얼음'"
    },
    {
        "menu":"시나몬 카푸치노",
        "info":"따뜻함, 스파이시, 고급스러움, 진한 맛, 풍미, 따뜻한 계피 향, 크리미한 질감, 깊고 진한 맛, 달콤한 여운",
        "ingred":" '에스프레소', '우유', '시나몬 파우더', '설탕'"
    },
    {
        "menu":"타로 라떼",
        "info":"고소함, 부드러움, 크리미함, 독특함, 달콤함, 부드러운 크리미함, 고소한 풍미, 달콤한 단맛, 독특한 질감, 현대적 조화",
        "ingred":" '타로 파우더', '우유', '설탕', '얼음'"
    },
    {
        "menu":"타로 버블티",
        "info":"달콤함, 고소함, 쫄깃함, 크리미함, 독특함, 쫄깃한 식감, 부드러운 타로 풍미, 독특한 조화, 재미있는 텍스처",
        "ingred":" '타로 파우더', '우유', '설탕', '타피오카 펄', '얼음'"
    },
    {
        "menu":"초코 버블티",
        "info":"달콤함, 진한 맛, 쫄깃함, 크리미함, 만족감, 진한 초콜릿 향, 달콤한 여운, 부드러운 질감, 만족스러운 조화",
        "ingred":" '초코 파우더', '우유', '설탕', '타피오카 펄', '얼음'"
    },
    {
        "menu":"흑당 버블티",
        "info":"달콤함, 고소함, 중독성, 쫄깃함, 크리미함, 깊은 흑당 풍미, 쫄깃한 식감, 부드러운 텍스처, 고급스러움",
        "ingred":" '흑당 시럽', '타피오카 펄', '우유', '얼음'"
    },
    {
        "menu":"말차 버블티",
        "info":"쌉쌀함, 고소함, 쫄깃함, 크리미함, 전통적, 쌉쌀한 녹차, 부드러운 단맛, 전통적 조화, 신선한 여운",
        "ingred":" '말차 가루', '타피오카 펄', '우유', '흑당 시럽', '얼음'"
    },
    {
        "menu":"바나나 주스",
        "info":"달콤함, 부드러움, 자연스러움, 건강함, 포근함, 자연스러운 달콤함, 부드러운 질감, 신선한 과즙, 만족스러운 감촉",
        "ingred":" '바나나', '우유', '꿀', '얼음'"
    },
    {
        "menu":"토마토 주스",
        "info":"건강함, 담백함, 신선함, 상큼함, 깔끔함, 산뜻한 채소 향, 자연스러운 신선함, 건강감, 깔끔한 끝맛, 가벼운 감미",
        "ingred":" '토마토', '설탕', '레몬', '얼음'"
    },
    {
        "menu":"파인애플 주스",
        "info":"이국적, 상큼함, 과일향, 청량감, 활기참, 열대 과일의 상큼함, 달콤한 풍미, 신선한 질감, 자연스러운 여운",
        "ingred":" '파인애플', '설탕', '레몬', '얼음'"
    },
    {
        "menu":"복숭아 스무디",
        "info":"달콤함, 과일향, 부드러움, 상쾌함, 새콤달콤, 달콤한 과일 향, 부드러운 크리미함, 사랑스러운 질감, 자연스러운 달콤함",
        "ingred":" '복숭아', '요거트', '얼음', '설탕', '레몬'"
    },
    {
        "menu":"유자 크러쉬",
        "info":"상큼함, 청량감, 과일향, 달콤함, 여름, 상큼한 감귤향, 자연스러운 단맛, 여름의 활력, 시원한 질감",
        "ingred":" '유자', '설탕', '얼음', '레몬', '소다'"
    },
    {
        "menu":"커피 쉐이크",
        "info":"진한 맛, 크리미함, 달콤함, 만족감, 고소함, 진한 커피 향, 부드러운 크리미함, 시원한 텍스처, 만족스러운 풍미",
        "ingred":" '커피', '우유', '얼음', '설탕', '바닐라 아이스크림'"
    },
    {
        "menu":"애플망고 에이드",
        "info":"달콤함, 과일향, 이국적, 청량감, 여름, 달콤한 열대 과일 향, 청량한 탄산, 상쾌함, 자연스러운 산미, 경쾌한 끝맛",
        "ingred":" '애플망고 주스', '탄산수', '시럽', '얼음', '레몬'"
    },
    {
        "menu":"오미자차",
        "info":"새콤달콤, 전통적, 건강함, 자연스러움, 깔끔함, 전통적 깊이, 새콤달콤한 감미, 건강감, 은은한 허브향, 따뜻한 여운",
        "ingred":" '오미자', '물', '설탕'"
    },
    {
        "menu":"바나나 스무디",
        "info":"부드러움, 달콤함, 자연스러움, 건강함, 포근함, 크리미한 부드러움, 자연스러운 달콤함, 신선한 질감, 만족스러운 풍미",
        "ingred":" '바나나', '우유', '요거트', '꿀', '얼음'"
    },
    {
        "menu":"애플 모히또",
        "info":"상큼함, 청량감, 과일향, 이국적, 여름, 상큼한 사과 향, 청량한 탄산, 새콤달콤, 경쾌함, 자연스러운 조화",
        "ingred":" '사과', '민트잎', '라임', '설탕시럽', '소다', '얼음'"
    },
    {
        "menu":"백향과차",
        "info":"새콤달콤, 건강함, 이국적, 상쾌함, 향기롭다, 이국적 과일 향, 자연스러운 산미, 따뜻한 감미, 편안함, 부드러운 텍스처",
        "ingred":" '백향과', '녹차', '꿀', '레몬', '물', '얼음'"
    },
    {
        "menu":"솔티 밀크 카라멜",
        "info":"달콤함, 짭짤함, 크리미함, 중독성, 고급스러움, 짭짤한 감미, 부드러운 크리미함, 달콤한 풍미, 특별한 조화, 깊은 여운",
        "ingred":" '카라멜 시럽', '소금', '우유', '생크림', '에스프레소'"
    },
    {
        "menu":"오렌지 요거",
        "info":"상큼함, 과일향, 건강함, 부드러움, 새콤달콤, 상큼한 시트러스, 부드러운 요거트, 청량감, 자연스러운 단맛",
        "ingred":" '오렌지 주스', '플레인 요거트', '꿀', '얼음'"
    },
    {
        "menu":"애플 스무디",
        "info":"상큼함, 부드러움, 과일향, 건강함, 달콤함, 달콤한 사과 향, 부드러운 텍스처, 상쾌함, 자연스러운 감미, 신선한 끝맛",
        "ingred":" '사과', '요거트', '우유', '얼음', '꿀'"
    },
    {
        "menu":"체리콕",
        "info":"상쾌함, 발랄함, 달콤함, 청량감, 특별함, 강렬한 체리 향, 경쾌한 탄산, 달콤쌉싸름, 발랄한 에너지",
        "ingred":" '콜라', '체리 시럽', '체리', '얼음'"
    },
    {
        "menu":"오렌지 콜드브루",
        "info":"과일향, 진한 커피맛, 상큼함, 깔끔함, 이색적, 상큼한 시트러스, 진한 커피 풍미, 자연스러운 산미, 청량감, 세련된 조화",
        "ingred":" '콜드브루 커피', '오렌지 주스', '얼음', '오렌지 슬라이스'"
    },
    {
        "menu":"레몬 주스",
        "info":"상큼함, 청량감, 새콤달콤, 건강함, 개운함, 강렬한 산미, 상쾌한 시트러스, 자연스러운 감미, 깔끔한 끝맛",
        "ingred":" '레몬', '설탕', '물', '얼음'"
    },
    {
        "menu":"딸기 크러쉬",
        "info":"달콤함, 과일향, 사랑스러움, 시원함, 상쾌함, 새콤달콤한 과일향, 시원한 텍스처, 발랄함, 여름의 생기",
        "ingred":" '딸기', '설탕', '물', '얼음'"
    },
    {
        "menu":"바나나 크러쉬",
        "info":"부드러움, 달콤함, 건강함, 포근함, 크리미함, 부드러운 달콤함, 크리미한 질감, 신선한 과일 향, 만족스러운 맛",
        "ingred":" '바나나', '설탕', '물', '얼음'"
    },
    {
        "menu":"미숫가루 쉐이크",
        "info":"고소함, 건강함, 크리미함, 전통적, 담백함, 고소한 전통미, 부드러운 크리미함, 자연스러운 단맛, 건강감, 포근한 여운",
        "ingred":" '미숫가루', '우유', '얼음', '설탕'"
    },
    {
        "menu":"인절미 쉐이크",
        "info":"고소함, 달콤함, 전통적, 쫄깃함, 만족감, 고소한 떡 향, 부드러운 텍스처, 달콤한 감미, 전통적인 풍미, 포근함",
        "ingred":" '인절미', '우유', '얼음', '설탕', '콩가루'"
    },
    {
        "menu":"바나나 우유",
        "info":"부드러움, 달콤함, 포근함, 어린 시절, 건강함, 자연스러운 달콤함, 부드러운 질감, 어린 시절의 추억, 만족스러운 감촉",
        "ingred":" '바나나', '우유', '설탕', '얼음'"
    },
    {
        "menu":"포도 주스",
        "info":"새콤달콤, 과일향, 건강함, 상쾌함, 활기참, 진한 과일 향, 새콤달콤한 감미, 청량감, 신선한 질감, 자연스러운 달콤함",
        "ingred":" '포도', '물', '설탕', '얼음'"
    },
    {
        "menu":"복숭아 주스",
        "info":"달콤함, 과일향, 청량감, 부드러움, 여름, 달콤한 과일 향, 부드러운 텍스처, 여름의 감성, 자연스러운 감미",
        "ingred":" '복숭아', '물', '설탕', '얼음'"
    },
    {
        "menu":"딸기 스무디",
        "info":"달콤함, 상큼함, 과일향, 부드러움, 사랑스러움, 새콤달콤한 과일향, 부드러운 텍스처, 사랑스러운 맛, 상쾌함, 활기찬 분위기",
        "ingred":" '딸기', '우유', '얼음', '설탕'"
    },
    {
        "menu":"체리 에이드",
        "info":"새콤달콤, 발랄함, 과일향, 상쾌함, 청량감, 강렬한 체리향, 경쾌한 탄산, 생동감 있는 맛",
        "ingred":" '체리 시럽', '탄산수', '레몬', '얼음', '설탕'"
    },
    {
        "menu":"자스민 티",
        "info":"우아함, 허브향, 편안함, 자연스러움, 깔끔함, 은은한 꽃향, 부드러운 허브감, 우아한 풍미, 고요한 여운, 자연스러운 감미",
        "ingred":" '자스민 티 잎', '뜨거운 물', '설탕', '레몬'"
    },
    {
        "menu":"망고 요거",
        "info":"달콤함, 과일향, 건강함, 크리미함, 이국적, 열대 과일의 달콤함, 부드러운 요거트, 상쾌함, 신선한 질감, 자연스러운 감미",
        "ingred":" '망고 퓨레', '그릭 요거트', '꿀', '레몬즙', '얼음'"
    },
    {
        "menu":"오트밀 쉐이크",
        "info":"고소함, 건강함, 부드러움, 담백함, 크리미함, 고소한 곡물 풍미, 부드러운 크리미함, 건강감, 자연스러운 단맛, 포근한 질감",
        "ingred":" '오트밀', '우유', '바나나', '꿀', '얼음'"
    }
]